name,inn,site
ITMS,7809008119,https://www.itms.ru/
NAUMEN,6671111140,https://www.naumen.ru/
АБСОЛЮТ СТРАХОВАНИЕ,7728178835,https://www.absolutins.ru/
АБТ,5009141968,https://www.abt.ru/
АВИТО,9710138465,https://www.avito.ru/
АЗИАТСКО-ТИХООКЕАНСКИЙ БАНК,2801023444,https://www.atb.su/
БАЙЕР,7704017596,https://bayer.ru/
БАНК ВТБ,7702070139,https://www.vtb.ru/
БАНК МБА-МОСКВА,7744001828,https://www.ibam.ru/
БАНК НОВИКОМ,7706196340,https://novikom.ru/
БАНК ПСБ,7744000912,https://www.psbank.ru/
ББР БАНК,3900001002,https://bbr.ru/
ГАЗПРОМБАНК,7744001497,https://www.gazprombank.ru/
ДИРЕКТ СТАР,7702231594,http://teleperformance.ru/
ДОНСТРОЙ,6154012871,https://donstroy.moscow/
ЕВРАЗ,6623000680,https://www.evraz.com/ru/
ИНГОССТРАХ,7705042179,https://www.ingos.ru/
КОРПОРАТИВНЫЙ УНИВЕРСИТЕТ СБЕРБАНКА,7736128605,https://sberuniversity.ru/
ЛЕНТА,7814148471,https://lenta.com/
МАГНИТ,2309085638,https://www.magnit.com/
МЕГАМАРКЕТ,6166051064,https://megamarket.ru/
МЕДСИ,7710641442,https://medsi.ru/
МКК ДИНАР,9727079948,https://credit7.ru/
МКК ФИНАФОР,9728073836,https://nadodeneg.ru/
МКК ФИНМОДЕЛЬ,9721231466,https://belkacredit.ru/
МКК ЧЕМЕРГЕС,6685171911,https://credit365.ru/
МОСЭНЕРГОСБЫТ,7736520080,https://www.mosenergosbyt.ru/
МТТ,6509021117,https://www.mtt.ru/
НАШ ДОМ ПРО,7203530430,https://xn--80aiybhbgi1e.xn--p1ai/
НКО МОБИЛЬНАЯ КАРТА,7835905228,https://mcplat.ru/
ОМК,7736030085,https://omk.ru/
ОТП БАНК,7708001614,https://www.otpbank.ru/
РАЙФФАЙЗЕНБАНК,7744000302,https://www.raiffeisen.ru/
РОЗА ХУТОР,7702347870,https://rosakhutor.ru/
РОСГОССТРАХ,7707067683,https://www.rgs.ru/
РОСТЕЛЕКОМ,7707049388,https://www.company.rt.ru/
САМОКАТ,6450087080,https://samokat.ru/
СБЕРБАНК,7707083893,https://www.sberbank.ru/
СЕТЕВАЯ КОМПАНИЯ,4716016979,https://gridcom-rt.ru/
СИБУР,7727547261,https://www.sibur.ru/
СКБ КОНТУР,6663003127,https://kontur.ru/
СКОРОЗВОН,5614091129,https://skorozvon.ru/
СМАРТЬЮБ,6658407780,http://www.smartube.ru/
СТРАХОВОЙ ДОМ ВСК,3528070065,https://www.vsk.ru/
СУРГУТНЕФТЕГАЗБАНК,8602190258,https://www.sngb.ru/
Т2,7743895280,https://www.t2.ru/
ТЕЛЕСЕЙЛЗ СЕРВИС,3662255905,https://telesales-service.ru/
ТРАКМОТОРС,9706016312,https://www.tmtr.ru/
УФАНЕТ,0278109628,https://www.ufanet.ru/
ФАРМАИМПЕКС КОНСАЛТ,1832060469,https://farmaimpex.ru/
ФРОМТЕК,5024198630,https://www.fromtech.ru/
ФЦАО,7702052884,https://fcao.ru/
ЭТП,7728356929,https://uc-gpb.ru/
ЯНДЕКС,7750004168,https://ya.ru/
Апекс Берг Контакт-Центр Консалтинг,7717561059,https://www.apexberg.ru/
ГК Самолет,9731004688,https://samolet.ru/
Россельхозбанк,7725114488,https://www.rshb.ru/
Он клиник,7702323774,https://www.onclinic.ru/
ДОМ.РФ,7729355614,https://xn--d1aqf.xn--p1ai/
НТЦ АРГУС,7841364714,https://argusit.ru/
HeadHunter,3900033935,https://hh.ru/
Альфа капитал,3663163950,https://www.alfacapital.ru/
ЭКОПСИ,7710434132,https://www.ecopsy.ru/
Альфа-Банк,7728168971,https://alfabank.ru/
Hoff,3410000183,https://hoff.ru/?ysclid=mjbh9s89b450306065
Контакт Сервис,9709051883,
САТЕЛ,7731232881,https://satel.ru/
Честный знак,1435357833,https://xn--80ajghhoc2aj1c8b.xn--p1ai/
БоксБерри,7718711892,https://boxberry.ru/
МСН Телеком,7727752084,https://www.mcn.ru/
Сидорин Лаб,5010049251,https://sidorinlab.ru/
Синергия,7813647735,https://synergy.ru/
Т-Банк,2315126160,https://www.tbank.ru/
BSS,0258006141,https://bssys.com/
Московский метрополитен,7702038150,https://mosmetro.ru/
РАНХиГС,7729050901,https://www.ranepa.ru/
КВИНТ,2540182180,
Каргономика,7751332394,https://www.cargonomica.com/
MANTERA,2310229651,https://mantera.ru/
СОГАЗ,7736035485,https://www.sogaz.ru/
Астра Пейдж,7709881256,https://astrapage.ru/
Комус,7721793895,https://www.komus.ru/
AURUS,7743237789,https://aurusmotors.com/
Авантелеком,2721184904,https://avantelecom.ru/
Биосфера,0273947263,https://biosfera.su/stocks/
Максима - Групп,7706808434,
